                  epoch,         train/box_loss,         train/cls_loss,         train/dfl_loss,   metrics/precision(B),      metrics/recall(B),       metrics/mAP50(B),    metrics/mAP50-95(B),           val/box_loss,           val/cls_loss,           val/dfl_loss,                 lr/pg0,                 lr/pg1,                 lr/pg2
                      1,                0.96798,                0.48385,                 1.2143,                0.75766,                0.59354,                0.60467,                0.33733,                0.88286,                 0.7471,                0.78396,             0.00066469,             0.00066469,             0.00066469
                      2,                0.88288,                0.41286,                 1.1523,                0.83159,                0.67762,                 0.7082,                0.47601,                0.84477,                0.71165,                0.77305,              0.0011117,              0.0011117,              0.0011117
                      3,                 0.8849,                0.41126,                 1.1562,                0.82057,                 0.7667,                0.78949,                0.56518,                0.87098,                0.72086,                0.77941,              0.0013387,              0.0013387,              0.0013387
                      4,                0.86138,                0.39513,                 1.1411,                0.83541,                0.78229,                0.80093,                0.52916,                0.80653,                0.69939,                0.76242,                0.00101,                0.00101,                0.00101
                      5,                 0.8488,                0.38233,                 1.1325,                0.88428,                0.82962,                0.86017,                0.63967,                0.82805,                0.68379,                0.76573,                0.00101,                0.00101,                0.00101
                      6,                0.85539,                0.37926,                  1.135,                0.86685,                0.81559,                0.83577,                0.59988,                0.81528,                 0.6578,                0.75974,                0.00068,                0.00068,                0.00068
